gender,age

Nam,(4-6)
,
Nam,(4-6)
,
Nam,(25-32)
,
Nam,(25-32)
,
Nam,(25-32)
,
Nu,(38-43)
,
Nu,(25-32)
,
Nam,(25-32)
,
Nam,(25-32)
,
Nam,(25-32)
,
Nam,(25-32)
,
Nam,(25-32)
,
Nam,(25-32)
,
Nam,(15-20)
,
Nam,(25-32)
,
Nam,(15-20)
,
Nam,(25-32)
,
Nam,(15-20)
,
Nu,(25-32)
,
Nam,(15-20)
,
Nam,(25-32)
,
Nam,(15-20)
,
Nu,(25-32)
,
Nam,(15-20)
,
Nam,(25-32)
,
Nam,(15-20)
,
Nam,(25-32)
,
Nam,(15-20)
,
Nam,(25-32)
,
Nam,(15-20)
,
Nu,(25-32)
,
Nam,(15-20)
,
Nu,(25-32)
,
Nam,(15-20)
,
Nu,(25-32)
,
Nam,(15-20)
,
Nu,(25-32)
,
Nam,(15-20)
,
Nu,(4-6)
,
Nu,(25-32)
,
Nam,(38-43)
,
Nam,(60-100)
,
Nam,(25-32)
,
Nu,(25-32)
,
Nam,(25-32)
,
Nu,(8-12)
,
Nam,(25-32)
,
Nu,(25-32)
,
Nam,(25-32)
,
Nu,(25-32)
Nam,(15-20)

Nu,(25-32)

Nam,(4-6)

Nu,(25-32)

Nam,(4-6)

Nu,(25-32)

Nam,(4-6)

Nu,(25-32)

Nu,(25-32)

Nam,(8-12)

Nam,(8-12)

Nam,(8-12)

Nam,(8-12)

Nam,(8-12)

Nam,(8-12)

Nam,(8-12)

Nam,(8-12)

Nam,(8-12)

Nam,(8-12)

Nam,(8-12)

Nam,(8-12)

Nam,(8-12)

Nam,(8-12)

Nam,(15-20)

Nam,(15-20)

Nam,(4-6)

Nu,(8-12)

Nu,(8-12)

Nu,(8-12)

Nu,(8-12)

Nu,(8-12)

Nu,(8-12)

Nu,(8-12)

Nu,(8-12)

Nu,(8-12)

Nu,(8-12)

Nu,(8-12)

Nu,(8-12)

Nu,(8-12)

Nu,(8-12)

Nu,(8-12)

Nu,(8-12)

Nu,(8-12)

Nu,(8-12)

Nu,(8-12)

Nu,(8-12)

Nu,(8-12)

Nu,(8-12)

Nu,(8-12)

Nu,(8-12)

Nu,(8-12)

Nu,(8-12)

Nu,(8-12)

Nu,(8-12)

Nu,(8-12)

Nu,(8-12)

Nu,(8-12)

Nam,(15-20)

Nam,(15-20)

Nam,(15-20)

Nam,(15-20)

Nam,(15-20)

Nam,(15-20)

Nam,(15-20)

Nam,(15-20)

Nam,(15-20)

Nam,(15-20)

Nam,(15-20)

Nam,(15-20)

Nam,(15-20)

Nu,(48-53)

Nu,(48-53)

Nu,(48-53)

Nu,(48-53)

Nu,(48-53)

Nu,(48-53)

Nu,(48-53)

Nu,(48-53)

Nu,(48-53)

Nu,(48-53)

Nu,(48-53)

Nu,(48-53)

Nu,(48-53)

Nu,(48-53)

Nu,(48-53)

Nu,(25-32)

Nu,(25-32)

Nu,(25-32)

Nu,(25-32)

Nu,(25-32)

Nu,(25-32)

Nu,(25-32)

Nu,(25-32)

Nu,(25-32)

Nu,(25-32)

Nu,(25-32)

Nu,(25-32)

Nu,(25-32)

Nu,(25-32)

Nu,(25-32)

Nu,(25-32)

Nu,(25-32)

Nu,(25-32)

Nu,(25-32)

Nu,(25-32)

Nu,(25-32)

Nu,(25-32)

Nu,(25-32)

Nu,(25-32)

Nu,(25-32)

Nu,(25-32)

Nu,(25-32)

Nu,(38-43)

Nu,(60-100)

Nu,(60-100)

Nu,(60-100)

Nu,(60-100)

Nu,(38-43)

Nu,(60-100)

Nu,(60-100)

Nu,(38-43)

Nu,(25-32)

Nu,(60-100)

Nam,(25-32)

Nam,(25-32)

Nam,(25-32)

Nam,(25-32)

Nam,(25-32)

Nam,(25-32)

Nam,(25-32)

Nam,(25-32)

Nam,(25-32)

Nam,(25-32)

Nam,(25-32)

Nam,(25-32)

Nam,(25-32)

Nam,(8-12)

Nam,(8-12)

Nam,(8-12)

Nam,(8-12)

Nam,(8-12)

Nam,(8-12)

Nam,(8-12)

Nam,(4-6)

Nu,(25-32)

Nam,(25-32)

Nam,(48-53)

Nu,(4-6)

Nam,(15-20)

Nu,(25-32)

Nam,(15-20)

Nu,(25-32)

Nam,(15-20)

Nu,(25-32)

Nam,(15-20)

Nu,(25-32)

Nam,(15-20)

Nu,(25-32)

Nam,(15-20)

Nam,(15-20)

Nu,(25-32)

Nam,(4-6)

Nu,(25-32)

Nam,(4-6)

Nu,(25-32)

Nu,(25-32)

Nu,(25-32)

Nu,(25-32)

Nu,(25-32)

Nam,(15-20)

Nam,(15-20)

Nam,(15-20)

Nam,(15-20)

Nam,(15-20)

Nu,(48-53)

Nam,(15-20)

Nu,(48-53)

Nam,(15-20)

Nu,(38-43)

Nam,(15-20)

Nu,(25-32)

Nam,(8-12)

Nam,(8-12)

Nam,(15-20)

Nu,(48-53)

Nam,(15-20)

Nu,(38-43)

Nam,(15-20)

Nam,(48-53)

Nam,(15-20)

Nam,(15-20)

Nam,(25-32)

Nam,(8-12)

Nu,(25-32)

Nam,(8-12)

Nu,(25-32)

Nam,(8-12)

Nu,(25-32)

Nu,(38-43)

Nam,(4-6)

Nu,(25-32)

Nam,(4-6)

Nam,(4-6)

Nu,(38-43)

Nam,(4-6)

Nu,(38-43)

Nam,(4-6)

Nu,(38-43)

Nam,(4-6)

Nu,(25-32)

Nam,(4-6)

Nu,(38-43)

Nam,(4-6)

Nu,(25-32)

Nam,(4-6)

Nu,(38-43)

Nam,(4-6)

Nu,(38-43)

Nam,(4-6)

Nu,(38-43)

Nam,(4-6)

Nu,(38-43)

Nam,(4-6)

Nu,(25-32)

Nam,(8-12)

Nu,(25-32)

Nam,(15-20)

Nu,(4-6)

Nu,(4-6)

Nam,(4-6)

Nu,(25-32)

Nam,(4-6)

Nu,(25-32)

Nam,(8-12)

Nu,(25-32)

Nam,(15-20)

Nu,(25-32)

Nam,(25-32)

Nam,(25-32)

Nu,(25-32)

Nam,(8-12)

Nam,(38-43)

Nam,(4-6)

Nam,(25-32)

Nam,(4-6)

Nam,(25-32)



Nam,(38-43)



Nam,(38-43)



Nam,(38-43)



Nam,(38-43)



Nam,(38-43)

Nam,(4-6)

Nam,(38-43)

Nam,(4-6)

Nam,(38-43)

Nam,(25-32)

Nam,(38-43)

Nam,(25-32)

Nam,(38-43)

Nam,(25-32)

Nam,(38-43)

Nu,(25-32)

Nam,(38-43)

Nam,(25-32)

Nam,(25-32)

Nam,(25-32)

Nam,(25-32)

Nam,(25-32)

Nam,(25-32)

Nam,(25-32)

Nam,(25-32)

Nam,(25-32)

Nam,(25-32)

Nam,(25-32)

Nam,(25-32)

Nam,(25-32)

Nam,(25-32)

Nam,(25-32)

Nam,(15-20)

Nu,(25-32)

Nam,(25-32)

Nam,(25-32)

Nam,(25-32)

Nam,(25-32)

Nam,(25-32)

Nam,(15-20)

Nu,(15-20)

Nam,(4-6)

Nam,(8-12)

Nam,(8-12)

Nu,(38-43)

Nam,(8-12)

Nam,(25-32)

Nam,(4-6)

Nu,(38-43)

Nam,(4-6)

Nam,(25-32)

Nam,(8-12)

Nu,(25-32)

Nam,(8-12)

Nu,(25-32)

Nam,(8-12)

Nam,(25-32)

Nu,(60-100)

Nam,(25-32)

Nu,(60-100)

Nu,(8-12)

Nu,(60-100)

Nu,(8-12)

Nu,(60-100)

Nu,(60-100)

Nu,(60-100)

Nam,(8-12)

Nam,(8-12)

Nam,(8-12)

Nu,(8-12)

Nu,(8-12)

Nu,(60-100)

Nam,(8-12)

Nu,(60-100)

Nam,(8-12)

Nam,(8-12)

Nu,(8-12)

Nu,(15-20)

Nu,(15-20)

Nu,(15-20)

Nu,(8-12)

Nu,(15-20)

Nu,(15-20)

Nu,(15-20)

Nu,(15-20)

Nu,(15-20)

Nu,(15-20)

Nu,(15-20)

Nam,(8-12)

Nu,(15-20)

Nu,(15-20)

Nu,(15-20)

Nam,(15-20)

Nu,(15-20)

Nam,(15-20)

Nu,(15-20)

Nu,(15-20)

Nu,(15-20)

Nam,(15-20)

Nu,(15-20)

Nu,(8-12)

Nu,(8-12)

Nu,(15-20)

Nu,(15-20)

Nu,(15-20)

Nu,(15-20)

Nu,(8-12)

Nu,(15-20)

Nu,(15-20)

Nu,(15-20)

Nam,(15-20)

Nam,(15-20)

Nu,(8-12)

Nu,(4-6)

Nu,(8-12)

Nam,(60-100)

Nam,(60-100)

Nam,(8-12)

Nam,(60-100)

Nam,(60-100)

Nam,(25-32)

Nam,(25-32)

Nam,(25-32)

Nam,(25-32)

Nam,(25-32)

Nam,(25-32)

Nam,(25-32)

Nam,(60-100)

Nam,(25-32)

Nam,(25-32)

Nam,(25-32)

Nam,(25-32)

Nam,(60-100)

Nam,(25-32)

Nam,(60-100)

Nam,(25-32)

Nam,(25-32)

Nam,(25-32)

Nam,(25-32)

Nam,(60-100)

Nam,(60-100)

Nam,(25-32)

Nam,(25-32)

Nam,(15-20)

Nam,(15-20)

Nam,(15-20)

Nam,(25-32)

Nam,(15-20)

Nam,(38-43)

Nam,(8-12)

Nam,(8-12)

Nam,(8-12)

Nu,(8-12)

Nam,(8-12)

Nam,(8-12)

Nam,(8-12)

Nam,(8-12)

Nam,(15-20)

Nam,(8-12)

Nam,(8-12)

Nam,(8-12)

Nam,(8-12)

Nam,(8-12)

Nam,(8-12)

Nam,(8-12)

Nu,(15-20)

Nam,(8-12)

Nu,(8-12)

Nam,(8-12)

Nam,(8-12)

Nam,(8-12)

Nu,(8-12)

Nam,(8-12)

Nam,(8-12)

Nam,(8-12)

Nam,(8-12)

Nu,(60-100)

Nam,(8-12)

Nu,(60-100)

Nam,(8-12)

Nam,(8-12)

Nam,(8-12)

Nu,(15-20)

Nam,(8-12)

Nam,(8-12)

Nu,(8-12)

Nu,(60-100)

Nu,(8-12)

Nam,(8-12)

Nu,(60-100)

Nam,(60-100)

Nam,(60-100)

Nam,(15-20)

Nam,(15-20)

Nam,(8-12)

Nam,(15-20)

Nam,(8-12)

Nam,(8-12)

Nam,(8-12)

Nam,(8-12)

Nam,(8-12)

Nam,(8-12)

Nu,(8-12)

Nu,(8-12)

Nu,(8-12)

Nu,(8-12)

Nam,(8-12)

Nam,(8-12)

Nam,(25-32)

Nam,(8-12)

Nam,(8-12)

Nam,(8-12)

Nam,(8-12)

Nam,(8-12)

Nam,(4-6)

Nam,(4-6)

Nam,(4-6)

Nam,(4-6)

Nam,(4-6)

Nam,(4-6)

Nam,(8-12)

Nam,(8-12)

Nam,(4-6)

Nam,(8-12)

Nam,(25-32)

Nam,(8-12)



Nam,(8-12)

Nam,(38-43)

Nam,(8-12)



Nam,(8-12)

Nam,(38-43)

Nam,(8-12)

Nam,(38-43)

Nam,(8-12)

Nam,(60-100)

Nam,(8-12)

Nam,(38-43)

Nam,(8-12)



Nam,(8-12)

Nam,(38-43)

Nam,(8-12)

Nam,(38-43)

Nam,(25-32)

Nam,(38-43)

Nam,(60-100)

Nam,(38-43)

Nam,(60-100)

Nam,(60-100)

Nu,(25-32)

Nam,(38-43)

Nu,(25-32)

Nam,(38-43)

Nu,(25-32)

Nam,(38-43)

Nam,(25-32)

Nam,(38-43)

Nam,(38-43)

Nam,(25-32)

Nam,(38-43)

Nam,(25-32)

Nam,(60-100)

Nam,(60-100)

Nam,(60-100)

Nam,(38-43)

Nam,(38-43)

Nam,(25-32)

Nam,(38-43)

Nam,(15-20)

Nam,(38-43)

Nam,(15-20)

Nam,(38-43)

Nam,(15-20)

Nam,(38-43)

Nam,(15-20)

Nam,(38-43)

Nam,(25-32)

Nam,(38-43)

Nam,(25-32)

Nam,(38-43)

Nam,(15-20)

Nam,(38-43)

Nam,(25-32)

Nam,(38-43)

Nam,(8-12)

Nam,(38-43)

Nam,(8-12)

Nam,(38-43)

Nam,(25-32)

Nam,(38-43)

Nam,(15-20)

Nam,(38-43)

Nam,(15-20)

Nam,(38-43)

Nam,(15-20)

Nam,(38-43)

Nam,(15-20)

Nam,(38-43)

Nam,(8-12)

Nam,(38-43)

Nam,(8-12)

Nam,(38-43)

Nam,(25-32)

Nam,(38-43)

Nam,(25-32)

Nam,(38-43)

Nam,(4-6)

Nu,(25-32)

Nu,(25-32)

Nam,(25-32)

Nu,(48-53)

Nam,(15-20)

Nu,(48-53)

Nam,(8-12)

Nu,(38-43)

Nu,(38-43)

Nam,(8-12)

Nu,(38-43)

Nam,(15-20)

Nu,(38-43)

Nam,(15-20)

Nu,(38-43)

Nam,(4-6)

Nu,(38-43)

Nam,(4-6)

Nu,(25-32)

Nam,(4-6)

Nu,(4-6)

Nu,(4-6)

Nam,(25-32)

Nu,(4-6)

Nu,(48-53)

Nu,(38-43)

Nu,(38-43)

Nu,(38-43)

Nu,(38-43)

Nu,(38-43)

Nam,(25-32)

Nu,(4-6)

Nu,(38-43)

Nu,(38-43)

Nu,(38-43)

Nam,(4-6)

Nam,(4-6)

Nam,(4-6)

Nam,(8-12)

Nam,(8-12)

Nam,(8-12)

Nam,(25-32)

Nam,(15-20)

Nam,(15-20)

Nam,(15-20)

Nam,(15-20)

Nam,(48-53)

Nam,(48-53)

Nam,(4-6)

Nam,(48-53)

Nam,(48-53)

Nam,(48-53)

Nam,(48-53)

Nam,(48-53)

Nam,(48-53)

Nam,(48-53)

Nam,(48-53)

Nam,(48-53)

Nam,(48-53)

Nam,(8-12)

Nam,(48-53)

Nam,(8-12)

Nam,(48-53)

Nam,(25-32)

Nam,(48-53)

Nam,(25-32)

Nam,(25-32)

Nam,(48-53)

Nam,(48-53)

Nam,(48-53)

Nam,(48-53)

Nam,(48-53)

Nu,(48-53)

Nam,(15-20)

Nam,(4-6)

Nam,(4-6)

Nam,(4-6)

Nam,(15-20)

Nam,(15-20)

Nam,(15-20)

Nam,(4-6)

Nam,(15-20)

Nam,(15-20)

Nam,(15-20)

Nam,(15-20)

Nam,(15-20)

Nam,(15-20)

Nam,(15-20)

Nam,(15-20)

Nam,(15-20)

Nam,(15-20)

Nam,(4-6)

Nam,(8-12)

Nam,(15-20)

Nam,(15-20)

Nam,(15-20)

Nam,(15-20)

Nam,(8-12)

Nam,(15-20)

Nam,(15-20)

Nam,(15-20)

Nam,(15-20)

Nam,(8-12)

Nam,(8-12)

Nam,(8-12)

Nam,(15-20)

Nam,(4-6)

Nam,(15-20)

Nam,(4-6)

Nam,(4-6)

Nam,(15-20)

Nam,(15-20)

Nam,(4-6)

Nam,(4-6)

Nam,(15-20)

Nam,(8-12)

Nam,(15-20)

Nam,(15-20)

Nam,(15-20)

Nam,(15-20)

Nam,(60-100)

Nam,(25-32)

Nam,(4-6)
Nam,(4-6)
